name,type,start_time,end_date,job_complete,run_days,run_hours,run_minutes,last_step_name,last_step_id,last_step_date,ENV,CLIENT,entry_timestamp,updated_timestamp
LHCQF Nightly Job DEV,job duration,2015-12-18 15:58:53.000,,0,0,22,34,Patient/Enc Scrub,8,2015-12-19 07:39:44.000,DEV,LHCQF,2015-12-19 14:20:59.930,2015-12-19 14:20:59.930
ARCAS Nightly Job DEV,job duration,2015-12-19 03:19:18.000,2015-12-19 09:38:49.000,1,0,6,19,Load Event,30,2015-12-19 08:51:15.000,DEV,ARCAS,2015-12-19 14:20:59.930,2015-12-19 14:20:59.930
SLVTN Nightly Job DEV,job duration,2015-12-18 16:44:42.000,2015-12-19 02:54:52.000,1,0,10,10,Check Cutoff Time,17,2015-12-19 02:54:51.000,DEV,SLVTN,2015-12-19 14:20:59.930,2015-12-19 14:20:59.930
CCCN Nightly Job DEV,job duration,2015-12-18 09:03:41.000,2015-12-18 14:47:58.000,1,0,5,44,Check Cutoff Time,17,2015-12-18 14:47:58.000,DEV,CCCN,2015-12-19 14:20:59.930,2015-12-19 14:20:59.930
CHPW Nightly Job DEV,job duration,2015-12-18 23:00:01.000,,0,0,15,32,Load Result,13,2015-12-19 02:51:43.000,DEV,CHPW,2015-12-19 14:20:59.930,2015-12-19 14:20:59.930
ACP Nightly Job DEV,job duration,2015-12-17 09:10:49.000,2015-12-17 21:40:57.000,1,0,12,30,Check Cutoff Time,17,2015-12-17 21:40:57.000,DEV,ACP,2015-12-19 14:20:59.930,2015-12-19 14:20:59.930
AHP Nightly Job DEV,job duration,2015-12-13 16:48:51.000,2015-12-14 02:00:56.000,1,0,9,12,Update Patient List Persons,44,2015-12-14 02:00:50.000,DEV,AHP,2015-12-19 14:20:59.930,2015-12-19 14:20:59.930
AHP Nightly Job QA,job duration,2015-12-19 02:00:00.000,2015-12-19 08:26:51.000,1,0,6,26,Check Cutoff Time,17,2015-12-19 08:26:51.000,QA,AHP,2015-12-19 14:21:01.497,2015-12-19 14:21:01.497
CCCN Nightly Job QA,job duration,2015-12-19 02:00:00.000,2015-12-19 07:41:30.000,1,0,5,41,Check Cutoff Time,17,2015-12-19 07:41:29.000,QA,CCCN,2015-12-19 14:21:01.497,2015-12-19 14:21:01.497
BIDCO Nightly Job QA,job duration,2015-12-19 04:00:00.000,2015-12-19 11:14:42.000,1,0,7,14,Load Result,13,2015-12-19 10:55:48.000,QA,BIDCO,2015-12-19 14:21:01.497,2015-12-19 14:21:01.497
LHCQF Nightly Job QA,job duration,2015-12-19 04:00:00.000,2015-12-19 08:45:14.000,1,0,4,45,Report job errors,49,2015-12-19 08:45:14.000,QA,LHCQF,2015-12-19 14:21:01.497,2015-12-19 14:21:01.497
SLVTN Nightly Job QA,job duration,2015-12-18 21:00:00.000,2015-12-19 03:32:05.000,1,0,6,32,Report job errors,51,2015-12-19 03:32:04.000,QA,SLVTN,2015-12-19 14:21:01.497,2015-12-19 14:21:01.497
VCA Nightly Job QA,job duration,2015-12-19 04:00:00.000,2015-12-19 05:01:07.000,1,0,1,1,Report job errors,51,2015-12-19 05:01:06.000,QA,VCA,2015-12-19 14:21:01.497,2015-12-19 14:21:01.497
CHPW Nightly Job QA,job duration,2015-12-19 02:00:00.000,,0,0,12,32,Load Result,13,2015-12-19 12:28:47.000,QA,CHPW,2015-12-19 14:21:01.497,2015-12-19 14:21:01.497
UCF Nightly Job QA,job duration,2015-12-16 17:56:55.000,2015-12-16 18:56:01.000,1,0,1,0,Report job errors,45,2015-12-16 18:56:01.000,QA,UCF,2015-12-19 14:21:01.497,2015-12-19 14:21:01.497
FHN Nightly Job QA,job duration,2015-12-19 02:30:00.000,,0,0,12,2,Deleted Person and Patient,42,2015-12-19 08:40:50.000,QA,FHN,2015-12-19 14:21:01.497,2015-12-19 14:21:01.497
XCLS Nightly Job UAT,job duration,2015-12-19 01:00:00.000,2015-12-19 05:39:57.000,1,0,4,39,Check Cutoff Time,18,2015-12-19 05:39:57.000,UAT,XCLS,2015-12-19 14:21:01.800,2015-12-19 14:21:01.800
CHPW Nightly Job UAT,job duration,2015-12-19 01:00:00.000,,0,0,13,32,Informatica Load,2,2015-12-19 01:00:08.000,UAT,CHPW,2015-12-19 14:21:01.800,2015-12-19 14:21:01.800
LHCQF Nightly Job UAT,job duration,2015-12-19 02:00:00.000,2015-12-19 04:43:15.000,1,0,2,43,Report job errors,49,2015-12-19 04:43:14.000,UAT,LHCQF,2015-12-19 14:21:01.800,2015-12-19 14:21:01.800
ARCAS Nightly Job QA,job duration,2015-12-19 07:30:00.000,2015-12-19 09:55:05.000,1,0,2,25,Run MPI,18,2015-12-19 07:51:08.000,QA,ARCAS,2015-12-19 14:21:01.800,2015-12-19 14:21:01.800
AHP Nightly Job UAT,job duration,2015-12-19 01:00:00.000,,0,0,13,32,Informatica Load,2,2015-12-19 01:00:10.000,UAT,AHP,2015-12-19 14:21:01.800,2015-12-19 14:21:01.800
VCA Nightly Job UAT,job duration,2015-12-18 01:31:45.000,2015-12-18 04:57:20.000,1,0,3,26,Report job errors,50,2015-12-18 04:57:19.000,UAT,VCA,2015-12-19 14:21:01.800,2015-12-19 14:21:01.800
CCCN Nightly Job UAT,job duration,2015-12-19 01:00:00.000,2015-12-19 09:55:05.000,1,0,8,55,Measure Processing,36,2015-12-19 06:28:13.000,UAT,CCCN,2015-12-19 14:21:01.800,2015-12-19 14:21:01.800
SLVTN Nightly Job UAT,job duration,2015-12-18 23:00:00.000,2015-12-19 09:55:05.000,1,0,10,55,Measure Processing,37,2015-12-19 02:01:10.000,UAT,SLVTN,2015-12-19 14:21:01.800,2015-12-19 14:21:01.800
UCF Nightly Job UAT,job duration,2015-12-19 02:00:00.000,2015-12-19 07:15:08.000,1,0,5,15,Report job errors,51,2015-12-19 07:15:08.000,UAT,UCF,2015-12-19 14:21:01.800,2015-12-19 14:21:01.800
UCF Nightly Job PRD,job duration,2015-12-19 02:00:00.000,2015-12-19 04:42:29.000,1,0,2,42,Report job errors,51,2015-12-19 04:42:29.000,PRD,UCF,2015-12-19 14:21:02.003,2015-12-19 14:21:02.003
AHP Nightly Job PRD,job duration,2015-12-19 01:00:00.000,,0,0,13,32,Deleted Person and Patient,42,2015-12-19 04:14:32.000,PRD,AHP,2015-12-19 14:21:02.003,2015-12-19 14:21:02.003
CHPW Nightly Job PRD,job duration,2015-12-19 00:00:00.000,2015-12-19 09:57:13.000,1,0,9,57,Check Cutoff Time,17,2015-12-19 09:57:12.000,PRD,CHPW,2015-12-19 14:21:02.003,2015-12-19 14:21:02.003
SLVTN Nightly Job PRD,job duration,2015-12-19 01:00:00.000,,0,0,13,32,Deleted Person and Patient,41,2015-12-19 09:17:39.000,PRD,SLVTN,2015-12-19 14:21:02.003,2015-12-19 14:21:02.003
XCLS Nightly Job PRD,job duration,2015-12-18 23:00:00.000,,0,0,15,32,Update Provider In Events,30,2015-12-19 01:19:17.000,PRD,XCLS,2015-12-19 14:21:02.003,2015-12-19 14:21:02.003
FHN Nightly Job PRD,job duration,2015-12-19 04:00:00.000,,0,0,10,32,Update Provider In Events,29,2015-12-19 10:34:46.000,PRD,FHN,2015-12-19 14:21:02.003,2015-12-19 14:21:02.003
LHCQF Nightly Job PRD,job duration,2015-12-19 04:00:00.000,2015-12-19 07:16:20.000,1,0,3,16,Report job errors,46,2015-12-19 07:16:20.000,PRD,LHCQF,2015-12-19 14:21:02.003,2015-12-19 14:21:02.003
VCA Nightly Job PRD,job duration,2015-12-19 04:00:00.000,2015-12-19 05:17:23.000,1,0,1,17,Report job errors,51,2015-12-19 05:17:23.000,PRD,VCA,2015-12-19 14:21:02.003,2015-12-19 14:21:02.003
CCCN Nightly Job PRD,job duration,2015-12-18 20:00:00.000,2015-12-19 09:32:05.000,1,0,13,32,Report job errors,47,2015-12-19 09:32:05.000,PRD,CCCN,2015-12-19 14:21:02.003,2015-12-19 14:21:02.003
XCLS Nightly Job DEV,job duration,2015-12-17 12:32:47.000,2015-12-19 09:38:49.000,1,1,21,6,Load Event,31,2015-12-17 22:58:18.000,DEV,XCLS,2015-12-19 14:20:59.930,2015-12-19 14:20:59.930
VCA Nightly Job DEV,job duration,2015-12-16 15:34:43.000,2015-12-18 11:45:07.000,1,1,20,11,Report job errors,50,2015-12-18 11:45:05.000,DEV,VCA,2015-12-19 14:20:59.930,2015-12-19 14:20:59.930
XCLS Nightly Job QA,job duration,2015-12-17 13:53:10.000,2015-12-19 05:44:56.000,1,1,15,51,Report job errors,52,2015-12-19 05:44:56.000,QA,XCLS,2015-12-19 14:21:01.497,2015-12-19 14:21:01.497
BIDCO Nightly Job PRD,job duration,2015-12-17 21:55:36.000,,0,1,16,37,,,,PRD,BIDCO,2015-12-19 14:21:01.497,2015-12-19 14:21:01.497
ACP Nightly Job DEV,job duration history,,,1,12/17/2015,0:00:21,119,Failed,,,DEV,ACP,,
ACP Nightly Job DEV,job duration history,,,2,12/17/2015,0:15:47,123008,Failed,,,DEV,ACP,,
ACP Nightly Job DEV,job duration history,,,3,12/16/2015,0:02:06,14210,Cancelled,,,DEV,ACP,,
ACP Nightly Job DEV,job duration history,,,4,12/16/2015,2:50:51,121127,Failed,,,DEV,ACP,,
ACP Nightly Job DEV,job duration history,,,5,12/15/2015,19:12:12,3338,Cancelled,,,DEV,ACP,,
ACP Nightly Job DEV,job duration history,,,6,12/15/2015,2:17:16,10238,Cancelled,,,DEV,ACP,,
ACP Nightly Job DEV,job duration history,,,7,12/14/2015,4:17:47,21549,Cancelled,,,DEV,ACP,,
ACP Nightly Job DEV,job duration history,,,8,12/4/2015,2:16:44,100701,Failed,,,DEV,ACP,,
AHP Nightly Job DEV,job duration history,,,1,12/13/2015,2:25:41,91204,Failed,,,DEV,AHP,,
AHP Nightly Job DEV,job duration history,,,2,12/10/2015,3:32:51,42050,Failed,,,DEV,AHP,,
AHP Nightly Job DEV,job duration history,,,3,12/9/2015,4:54:09,210605,Cancelled,,,DEV,AHP,,
AHP Nightly Job DEV,job duration history,,,4,11/25/2015,6:29:24,2605,Cancelled,,,DEV,AHP,,
AHP Nightly Job DEV,job duration history,,,5,11/25/2015,6:26:51,1055924,Failed,,,DEV,AHP,,
AHP Nightly Job DEV,job duration history,,,6,11/17/2015,6:15:25,773621,Failed,,,DEV,AHP,,
AHP Nightly Job DEV,job duration history,,,7,11/16/2015,7:01:19,2130,Cancelled,,,DEV,AHP,,
AHP Nightly Job DEV,job duration history,,,8,11/16/2015,8:18:24,44655,Failed,,,DEV,AHP,,
AHP Nightly Job UAT,job duration history,,,1,12/18/2015,5:16:49,62634,Failed,,,UAT,AHP,,
AHP Nightly Job UAT,job duration history,,,2,12/16/2015,13:25:06,93903,Success,,,UAT,AHP,,
AHP Nightly Job UAT,job duration history,,,3,12/15/2015,4:31:26,93955,Cancelled,,,UAT,AHP,,
AHP Nightly Job UAT,job duration history,,,4,12/15/2015,6:19:30,103141,Failed,,,UAT,AHP,,
AHP Nightly Job UAT,job duration history,,,5,12/12/2015,10:27:47,525410,Success,,,UAT,AHP,,
AHP Nightly Job UAT,job duration history,,,6,12/11/2015,13:56:36,102557,Success,,,UAT,AHP,,
AHP Nightly Job UAT,job duration history,,,7,12/10/2015,12:50:44,111524,Success,,,UAT,AHP,,
AHP Nightly Job UAT,job duration history,,,8,12/9/2015,23:02:59,115128,Failed,,,UAT,AHP,,
ARCAS Nightly Job QA,job duration history,,,1,12/19/2015,13:50:04,22505,Cancelled,,,QA,ARCAS,,
ARCAS Nightly Job QA,job duration history,,,2,12/12/2015,10:12:38,160608,Success,,,QA,ARCAS,,
ARCAS Nightly Job QA,job duration history,,,3,12/5/2015,9:17:35,133623,Success,,,QA,ARCAS,,
ARCAS Nightly Job QA,job duration history,,,4,11/28/2015,5:44:16,143120,Success,,,QA,ARCAS,,
ARCAS Nightly Job QA,job duration history,,,5,11/8/2015,8:24:09,12957,Failed,,,QA,ARCAS,,
ARCAS Nightly Job QA,job duration history,,,6,11/7/2015,6:13:36,273703,Failed,,,QA,ARCAS,,
ARCAS Nightly Job QA,job duration history,,,7,10/31/2015,20:37:58,41938,Failed,,,QA,ARCAS,,
ARCAS Nightly Job QA,job duration history,,,8,10/11/2015,0:01:09,261614,Failed,,,QA,ARCAS,,
BIDCO Nightly Job PRD,job duration history,,,1,12/20/2015,5:48:52,22334,Failed,,,PRD,BIDCO,,
BIDCO Nightly Job PRD,job duration history,,,2,12/19/2015,6:39:32,3709,Success,,,PRD,BIDCO,,
BIDCO Nightly Job PRD,job duration history,,,3,12/18/2015,2:55:03,51836,Failed,,,PRD,BIDCO,,
BIDCO Nightly Job PRD,job duration history,,,4,12/17/2015,17:57:15,35608,Failed,,,PRD,BIDCO,,
BIDCO Nightly Job PRD,job duration history,,,5,12/17/2015,13:32:05,453918,Success,,,PRD,BIDCO,,
BIDCO Nightly Job PRD,job duration history,,,6,12/16/2015,19:55:05,40554,Failed,,,PRD,BIDCO,,
BIDCO Nightly Job PRD,job duration history,,,7,12/15/2015,11:20:32,14108,Success,,,PRD,BIDCO,,
BIDCO Nightly Job PRD,job duration history,,,8,12/15/2015,4:47:41,392101,Success,,,PRD,BIDCO,,
BIDCO Nightly Job QA,job duration history,,,1,12/20/2015,21:05:03,55737,Failed,,,QA,BIDCO,,
BIDCO Nightly Job QA,job duration history,,,2,12/19/2015,19:38:13,71442,Failed,,,QA,BIDCO,,
BIDCO Nightly Job QA,job duration history,,,3,12/18/2015,13:59:19,35800,Failed,,,QA,BIDCO,,
BIDCO Nightly Job QA,job duration history,,,4,12/17/2015,13:23:03,92047,Failed,,,QA,BIDCO,,
BIDCO Nightly Job QA,job duration history,,,5,12/16/2015,8:55:05,41003,Failed,,,QA,BIDCO,,
BIDCO Nightly Job QA,job duration history,,,6,12/15/2015,17:49:00,21121,Failed,,,QA,BIDCO,,
BIDCO Nightly Job QA,job duration history,,,7,12/14/2015,15:55:53,23631,Failed,,,QA,BIDCO,,
BIDCO Nightly Job QA,job duration history,,,8,12/13/2015,14:24:19,25324,Failed,,,QA,BIDCO,,
CCCN Nightly Job QA,job duration history,,,1,12/20/2015,14:56:18,124125,Failed,,,QA,CCCN,,
CCCN Nightly Job QA,job duration history,,,2,12/19/2015,0:52:03,54129,Failed,,,QA,CCCN,,
CCCN Nightly Job QA,job duration history,,,3,12/18/2015,16:39:20,82136,Success,,,QA,CCCN,,
CCCN Nightly Job QA,job duration history,,,4,12/17/2015,12:04:42,85157,Failed,,,QA,CCCN,,
CCCN Nightly Job QA,job duration history,,,5,12/17/2015,23:14:46,115301,Success,,,QA,CCCN,,
CCCN Nightly Job QA,job duration history,,,6,12/16/2015,16:11:21,113302,Failed,,,QA,CCCN,,
CCCN Nightly Job QA,job duration history,,,7,12/15/2015,10:03:38,111028,Failed,,,QA,CCCN,,
CCCN Nightly Job QA,job duration history,,,8,12/14/2015,11:07:21,83458,Success,,,QA,CCCN,,
CHPW Nightly Job PRD,job duration history,,,1,12/19/2015,13:08:20,95712,Failed,,,PRD,CHPW,,
CHPW Nightly Job PRD,job duration history,,,2,12/17/2015,22:19:32,243800,Success,,,PRD,CHPW,,
CHPW Nightly Job PRD,job duration history,,,3,12/16/2015,21:51:12,120354,Success,,,PRD,CHPW,,
CHPW Nightly Job PRD,job duration history,,,4,12/15/2015,7:55:01,113307,Success,,,PRD,CHPW,,
CHPW Nightly Job PRD,job duration history,,,5,12/14/2015,16:32:42,141244,Success,,,PRD,CHPW,,
CHPW Nightly Job PRD,job duration history,,,6,12/13/2015,5:06:17,181907,Failed,,,PRD,CHPW,,
CHPW Nightly Job PRD,job duration history,,,7,12/20/2015,35:49:34,114904,Failed,,,PRD,CHPW,,
CHPW Nightly Job PRD,job duration history,,,8,12/20/2015,12:23:03,120000,Success,,,PRD,CHPW,,
CHPW Nightly Job UAT,job duration history,,,1,8/21/2015,21:04:40,194600,Failed,,,UAT,CHPW,,
CHPW Nightly Job UAT,job duration history,,,2,12/20/2015,12:30:08,335504,Cancelled,,,UAT,CHPW,,
CHPW Nightly Job UAT,job duration history,,,3,12/19/2015,0:01:19,70646,Failed,,,UAT,CHPW,,
CHPW Nightly Job UAT,job duration history,,,4,12/18/2015,1:42:10,140051,Cancelled,,,UAT,CHPW,,
ACP Nightly Job PRD,job duration history,,,1,12/17/2015,12:11:27,21,Cancelled,,,PRD,ACP,,
ACP Nightly Job PRD,job duration history,,,2,12/16/2015,0:33:38,1547,Failed,,,PRD,ACP,,
ACP Nightly Job PRD,job duration history,,,3,12/15/2015,1:02:38,206,Success,,,PRD,ACP,,
AHP Nightly Job PRD,job duration history,,,1,12/14/2015,2:15:49,25051,Success,,,PRD,AHP,,
AHP Nightly Job PRD,job duration history,,,2,12/13/2015,10:07:01,191212,Success,,,PRD,AHP,,
AHP Nightly Job PRD,job duration history,,,3,12/20/2015,9:12:04,21716,Success,,,PRD,AHP,,
AHP Nightly Job PRD,job duration history,,,4,12/19/2015,4:20:50,41747,Success,,,PRD,AHP,,
AHP Nightly Job PRD,job duration history,,,5,12/18/2015,21:06:05,21644,Success,,,PRD,AHP,,
AHP Nightly Job PRD,job duration history,,,6,12/17/2015,0:26:05,22541,Success,,,PRD,AHP,,
AHP Nightly Job PRD,job duration history,,,7,12/17/2015,105:59:24,33251,Success,,,PRD,AHP,,
AHP Nightly Job PRD,job duration history,,,8,12/16/2015,77:36:21,45409,Success,,,PRD,AHP,,
AHP Nightly Job QA,job duration history,,,1,12/16/2015,0:21:30,62924,Failed,,,QA,AHP,,
AHP Nightly Job QA,job duration history,,,2,12/15/2015,4:46:55,62651,Failed,,,QA,AHP,,
AHP Nightly Job QA,job duration history,,,3,12/19/2015,6:26:34,61525,Failed,,,QA,AHP,,
AHP Nightly Job QA,job duration history,,,4,12/18/2015,9:39:03,70119,Failed,,,QA,AHP,,
AHP Nightly Job QA,job duration history,,,5,12/16/2015,9:39:55,81824,Success,,,QA,AHP,,
AHP Nightly Job QA,job duration history,,,6,12/12/2015,10:31:41,51649,Failed,,,QA,AHP,,
AHP Nightly Job QA,job duration history,,,7,12/9/2015,52:54:10,132506,Failed,,,QA,AHP,,
AHP Nightly Job QA,job duration history,,,8,12/8/2015,10:25:57,43126,Failed,,,QA,AHP,,
ARCAS Nightly Job DEV,job duration history,,,1,12/5/2015,11:15:24,61930,Cancelled,,,DEV,ARCAS,,
ARCAS Nightly Job DEV,job duration history,,,2,12/4/2015,11:51:28,102747,Success,,,DEV,ARCAS,,
ARCAS Nightly Job DEV,job duration history,,,3,12/18/2015,2:25:05,135636,Success,,,DEV,ARCAS,,
ARCAS Nightly Job DEV,job duration history,,,4,12/17/2015,16:06:08,125044,Failed,,,DEV,ARCAS,,
ARCAS Nightly Job DEV,job duration history,,,5,12/14/2015,13:36:23,230259,Success,,,DEV,ARCAS,,
ARCAS Nightly Job DEV,job duration history,,,6,12/11/2015,14:31:20,135004,Failed,,,DEV,ARCAS,,
ARCAS Nightly Job DEV,job duration history,,,7,12/11/2015,1:29:57,101238,Success,,,DEV,ARCAS,,
ARCAS Nightly Job DEV,job duration history,,,8,12/11/2015,27:37:03,91735,Failed,,,DEV,ARCAS,,
CCCN Nightly Job DEV,job duration history,,,1,12/11/2015,4:19:38,54416,Failed,,,DEV,CCCN,,
CCCN Nightly Job DEV,job duration history,,,2,12/10/2015,26:16:14,82409,Cancelled,,,DEV,CCCN,,
CCCN Nightly Job DEV,job duration history,,,3,12/19/2015,2:23:34,61336,Success,,,DEV,CCCN,,
CCCN Nightly Job DEV,job duration history,,,4,12/18/2015,0:37:09,54852,Cancelled,,,DEV,CCCN,,
CCCN Nightly Job DEV,job duration history,,,5,12/17/2015,5:18:36,109,Cancelled,,,DEV,CCCN,,
CCCN Nightly Job DEV,job duration history,,,6,12/17/2015,3:56:08,63932,Cancelled,,,DEV,CCCN,,
CCCN Nightly Job DEV,job duration history,,,7,12/11/2015,45:39:18,203758,Failed,,,DEV,CCCN,,
CCCN Nightly Job DEV,job duration history,,,8,12/11/2015,4:05:54,25503,Cancelled,,,DEV,CCCN,,
CCCN Nightly Job PRD,job duration history,,,1,12/3/2015,1:41:08,175715,Failed,,,PRD,CCCN,,
CCCN Nightly Job PRD,job duration history,,,2,11/19/2015,39:21:01,133205,Success,,,PRD,CCCN,,
CCCN Nightly Job PRD,job duration history,,,3,12/20/2015,5:57:37,195505,Failed,,,PRD,CCCN,,
CCCN Nightly Job PRD,job duration history,,,4,12/19/2015,7:14:42,112032,Failed,,,PRD,CCCN,,
CCCN Nightly Job PRD,job duration history,,,5,12/18/2015,3:58:00,44741,Failed,,,PRD,CCCN,,
CCCN Nightly Job PRD,job duration history,,,6,12/17/2015,9:20:47,210503,Failed,,,PRD,CCCN,,
CCCN Nightly Job PRD,job duration history,,,7,12/16/2015,4:10:03,193813,Failed,,,PRD,CCCN,,
CCCN Nightly Job PRD,job duration history,,,8,12/15/2015,2:11:21,135919,Failed,,,PRD,CCCN,,
CCCN Nightly Job UAT,job duration history,,,1,12/14/2015,2:36:31,132303,Failed,,,UAT,CCCN,,
CCCN Nightly Job UAT,job duration history,,,2,12/13/2015,2:53:24,85505,Cancelled,,,UAT,CCCN,,
CCCN Nightly Job UAT,job duration history,,,3,12/17/2015,12:41:25,174900,Failed,,,UAT,CCCN,,
CCCN Nightly Job UAT,job duration history,,,4,12/16/2015,5:41:29,155553,Success,,,UAT,CCCN,,
CCCN Nightly Job UAT,job duration history,,,5,12/15/2015,8:21:36,142419,Failed,,,UAT,CCCN,,
CCCN Nightly Job UAT,job duration history,,,6,12/14/2015,11:53:01,145618,Cancelled,,,UAT,CCCN,,
CCCN Nightly Job UAT,job duration history,,,7,12/13/2015,8:51:57,5203,Failed,,,UAT,CCCN,,
CCCN Nightly Job UAT,job duration history,,,8,12/12/2015,11:33:02,163920,Success,,,UAT,CCCN,,
CHPW Nightly Job DEV,job duration history,,,1,12/11/2015,11:10:28,120442,Success,,,DEV,CHPW,,
CHPW Nightly Job DEV,job duration history,,,2,12/9/2015,8:34:58,231446,Failed,,,DEV,CHPW,,
CHPW Nightly Job DEV,job duration history,,,3,12/20/2015,9:57:12,161121,Failed,,,DEV,CHPW,,
CHPW Nightly Job DEV,job duration history,,,4,12/19/2015,24:38:00,100338,Success,,,DEV,CHPW,,
CHPW Nightly Job DEV,job duration history,,,5,12/18/2015,12:03:54,110721,Success,,,DEV,CHPW,,
CHPW Nightly Job DEV,job duration history,,,6,12/12/2015,11:33:07,130820,Success,,,DEV,CHPW,,
CHPW Nightly Job DEV,job duration history,,,7,12/11/2015,14:12:44,221932,Success,,,DEV,CHPW,,
CHPW Nightly Job DEV,job duration history,,,8,12/16/2015,18:19:07,215112,Success,,,DEV,CHPW,,
CHPW Nightly Job QA,job duration history,,,1,12/13/2015,11:49:04,75501,Failed,,,QA,CHPW,,
CHPW Nightly Job QA,job duration history,,,2,12/12/2015,12:00:00,163242,Failed,,,QA,CHPW,,
CHPW Nightly Job QA,job duration history,,,3,12/11/2015,19:46:00,50617,Failed,,,QA,CHPW,,
CHPW Nightly Job QA,job duration history,,,4,12/10/2015,33:55:04,354934,Failed,,,QA,CHPW,,
CHPW Nightly Job QA,job duration history,,,5,12/8/2015,7:06:46,122303,Failed,,,QA,CHPW,,
CHPW Nightly Job QA,job duration history,,,6,12/6/2015,14:00:51,210440,Cancelled,,,QA,CHPW,,
CHPW Nightly Job QA,job duration history,,,7,12/5/2015,12:23:03,212318,Failed,,,QA,CHPW,,
CHPW Nightly Job QA,job duration history,,,8,12/20/2015,18:02:27,81233,Failed,,,QA,CHPW,,
FHN Nightly Job PRD,job duration history,,,1,12/19/2015,24:39:10,110411,Cancelled,,,PRD,FHN,,
FHN Nightly Job PRD,job duration history,,,2,12/18/2015,5:51:07,314540,Failed,,,PRD,FHN,,
FHN Nightly Job PRD,job duration history,,,3,12/17/2015,5:33:16,214847,Failed,,,PRD,FHN,,
FHN Nightly Job PRD,job duration history,,,4,12/16/2015,14:32:01,155510,Failed,,,PRD,FHN,,
FHN Nightly Job PRD,job duration history,,,5,12/12/2015,6:52:17,233812,Failed,,,PRD,FHN,,
FHN Nightly Job PRD,job duration history,,,6,12/11/2015,11:27:57,54504,Success,,,PRD,FHN,,
FHN Nightly Job PRD,job duration history,,,7,12/10/2015,12:40:34,55054,Success,,,PRD,FHN,,
FHN Nightly Job PRD,job duration history,,,8,12/17/2015,27:49:00,111121,Success,,,PRD,FHN,,
LHCQF Nightly Job QA,job duration history,,,1,12/16/2015,12:05:49,45509,Failed,,,QA,LHCQF,,
LHCQF Nightly Job QA,job duration history,,,2,12/14/2015,10:44:34,44514,Failed,,,QA,LHCQF,,
LHCQF Nightly Job QA,job duration history,,,3,12/10/2015,0:52:46,51248,Failed,,,QA,LHCQF,,
LHCQF Nightly Job QA,job duration history,,,4,12/9/2015,0:27:26,65708,Failed,,,QA,LHCQF,,
LHCQF Nightly Job QA,job duration history,,,5,12/4/2015,0:21:48,22706,Failed,,,QA,LHCQF,,
LHCQF Nightly Job QA,job duration history,,,6,12/2/2015,77:36:05,40252,Failed,,,QA,LHCQF,,
LHCQF Nightly Job QA,job duration history,,,7,12/1/2015,27:42:31,31530,Failed,,,QA,LHCQF,,
LHCQF Nightly Job QA,job duration history,,,8,12/20/2015,4:17:01,33253,Failed,,,QA,LHCQF,,
SLVTN Nightly Job PRD,job duration history,,,1,12/19/2015,10:29:16,372135,Success,,,PRD,SLVTN,,
SLVTN Nightly Job PRD,job duration history,,,2,12/18/2015,2:05:16,35955,Success,,,PRD,SLVTN,,
SLVTN Nightly Job PRD,job duration history,,,3,12/17/2015,3:07:21,40807,Success,,,PRD,SLVTN,,
SLVTN Nightly Job PRD,job duration history,,,4,12/16/2015,3:16:20,44159,Success,,,PRD,SLVTN,,
SLVTN Nightly Job PRD,job duration history,,,5,12/15/2015,5:08:20,43222,Success,,,PRD,SLVTN,,
SLVTN Nightly Job PRD,job duration history,,,6,12/14/2015,2:59:18,602348,Success,,,PRD,SLVTN,,
SLVTN Nightly Job PRD,job duration history,,,7,12/13/2015,2:33:26,51559,Failed,,,PRD,SLVTN,,
SLVTN Nightly Job PRD,job duration history,,,8,12/20/2015,2:49:22,35146,Failed,,,PRD,SLVTN,,
SLVTN Nightly Job QA,job duration history,,,1,12/19/2015,4:04:59,63204,Success,,,QA,SLVTN,,
SLVTN Nightly Job QA,job duration history,,,2,12/18/2015,5:48:06,74505,Success,,,QA,SLVTN,,
SLVTN Nightly Job QA,job duration history,,,3,12/17/2015,2:20:25,91312,Success,,,QA,SLVTN,,
SLVTN Nightly Job QA,job duration history,,,4,12/16/2015,2:43:14,51714,Success,,,QA,SLVTN,,
SLVTN Nightly Job QA,job duration history,,,5,12/15/2015,3:23:56,54404,Success,,,QA,SLVTN,,
SLVTN Nightly Job QA,job duration history,,,6,12/14/2015,3:21:37,311805,Success,,,QA,SLVTN,,
SLVTN Nightly Job QA,job duration history,,,7,12/13/2015,3:07:26,40326,Success,,,QA,SLVTN,,
SLVTN Nightly Job QA,job duration history,,,8,12/18/2015,7:30:29,43545,Success,,,QA,SLVTN,,
UCF Nightly Job PRD,job duration history,,,1,12/18/2015,3:26:34,10832,Success,,,PRD,UCF,,
UCF Nightly Job PRD,job duration history,,,2,12/18/2015,2:29:03,24229,Success,,,PRD,UCF,,
UCF Nightly Job PRD,job duration history,,,3,12/17/2015,0:06:47,21618,Success,,,PRD,UCF,,
UCF Nightly Job PRD,job duration history,,,4,12/17/2015,10:10:09,15410,Success,,,PRD,UCF,,
UCF Nightly Job PRD,job duration history,,,5,12/11/2015,0:00:46,15200,Success,,,PRD,UCF,,
UCF Nightly Job PRD,job duration history,,,6,12/7/2015,0:07:03,14939,Success,,,PRD,UCF,,
UCF Nightly Job PRD,job duration history,,,7,12/7/2015,9:30:46,14944,Success,,,PRD,UCF,,
UCF Nightly Job PRD,job duration history,,,8,12/18/2015,5:48:32,83850,Success,,,PRD,UCF,,
UCF Nightly Job QA,job duration history,,,1,12/16/2015,0:01:23,24547,Success,,,QA,UCF,,
UCF Nightly Job QA,job duration history,,,2,12/12/2015,0:29:02,2455,Success,,,QA,UCF,,
UCF Nightly Job QA,job duration history,,,3,12/10/2015,10:55:04,5905,Success,,,QA,UCF,,
UCF Nightly Job QA,job duration history,,,4,12/8/2015,34:58:03,14439,Success,,,QA,UCF,,
UCF Nightly Job QA,job duration history,,,5,12/5/2015,85:34:08,81137,Success,,,QA,UCF,,
UCF Nightly Job QA,job duration history,,,6,12/3/2015,24:07:28,1155,Failed,,,QA,UCF,,
UCF Nightly Job QA,job duration history,,,7,12/1/2015,31:24:50,64913,Failed,,,QA,UCF,,
UCF Nightly Job QA,job duration history,,,8,12/20/2015,51:18:49,12240,Success,,,QA,UCF,,
VCA Nightly Job DEV,job duration history,,,1,12/19/2015,32:29:00,11730,Cancelled,,,DEV,VCA,,
VCA Nightly Job DEV,job duration history,,,2,12/16/2015,46:12:46,441021,Failed,,,DEV,VCA,,
VCA Nightly Job DEV,job duration history,,,3,12/15/2015,0:56:11,12,Cancelled,,,DEV,VCA,,
VCA Nightly Job DEV,job duration history,,,4,12/10/2015,5:15:08,21934,Cancelled,,,DEV,VCA,,
VCA Nightly Job DEV,job duration history,,,5,12/7/2015,1:48:38,192538,Cancelled,,,DEV,VCA,,
VCA Nightly Job DEV,job duration history,,,6,12/6/2015,1:48:57,12502,Cancelled,,,DEV,VCA,,
VCA Nightly Job DEV,job duration history,,,7,12/8/2015,1:41:30,25223,Failed,,,DEV,VCA,,
VCA Nightly Job DEV,job duration history,,,8,12/6/2015,2:52:54,205,Cancelled,,,DEV,VCA,,
VCA Nightly Job PRD,job duration history,,,1,12/4/2015,1:49:39,10700,Success,,,PRD,VCA,,
VCA Nightly Job PRD,job duration history,,,2,12/3/2015,2:00:39,11723,Success,,,PRD,VCA,,
VCA Nightly Job PRD,job duration history,,,3,12/2/2015,0:51:04,11128,Success,,,PRD,VCA,,
VCA Nightly Job PRD,job duration history,,,4,12/1/2015,21:23:18,15006,Success,,,PRD,VCA,,
VCA Nightly Job PRD,job duration history,,,5,11/30/2015,8:12:33,5614,Success,,,PRD,VCA,,
VCA Nightly Job PRD,job duration history,,,6,11/29/2015,11:04:11,22837,Failed,,,PRD,VCA,,
VCA Nightly Job PRD,job duration history,,,7,12/20/2015,31:45:40,13429,Success,,,PRD,VCA,,
VCA Nightly Job PRD,job duration history,,,8,12/19/2015,21:48:47,13003,Success,,,PRD,VCA,,
XCLS Nightly Job PRD,job duration history,,,1,12/18/2015,15:55:10,194752,Success,,,PRD,XCLS,,
XCLS Nightly Job PRD,job duration history,,,2,12/17/2015,23:38:12,152020,Cancelled,,,PRD,XCLS,,
XCLS Nightly Job PRD,job duration history,,,3,12/16/2015,5:45:04,14910,Success,,,PRD,XCLS,,
XCLS Nightly Job PRD,job duration history,,,4,12/15/2015,5:50:54,62621,Success,,,PRD,XCLS,,
XCLS Nightly Job PRD,job duration history,,,5,12/14/2015,11:11:21,113305,Cancelled,,,PRD,XCLS,,
CHPW Nightly Job UAT,job duration history,,,5,12/13/2015,4:55:09,122303,Cancelled,,,UAT,CHPW,,
CHPW Nightly Job UAT,job duration history,,,6,12/19/2015,4:45:14,180227,Success,,,UAT,CHPW,,
CHPW Nightly Job UAT,job duration history,,,7,12/18/2015,5:12:48,243910,Failed,,,UAT,CHPW,,
CHPW Nightly Job UAT,job duration history,,,8,12/17/2015,6:57:08,55107,Failed,,,UAT,CHPW,,
FHN Nightly Job QA,job duration history,,,1,12/16/2015,2:27:06,53316,Success,,,QA,FHN,,
FHN Nightly Job QA,job duration history,,,2,12/15/2015,4:02:52,143201,Success,,,QA,FHN,,
FHN Nightly Job QA,job duration history,,,3,12/12/2015,3:15:30,65217,Failed,,,QA,FHN,,
FHN Nightly Job QA,job duration history,,,4,12/11/2015,3:32:53,112757,Failed,,,QA,FHN,,
FHN Nightly Job QA,job duration history,,,5,12/10/2015,37:21:35,124034,Failed,,,QA,FHN,,
FHN Nightly Job QA,job duration history,,,6,12/18/2015,3:59:55,274900,Success,,,QA,FHN,,
FHN Nightly Job QA,job duration history,,,7,12/17/2015,4:08:07,120549,Success,,,QA,FHN,,
FHN Nightly Job QA,job duration history,,,8,12/16/2015,4:41:59,104434,Success,,,QA,FHN,,
LHCQF Nightly Job DEV,job duration history,,,1,12/15/2015,4:32:22,5246,Cancelled,,,DEV,LHCQF,,
LHCQF Nightly Job DEV,job duration history,,,2,12/14/2015,60:23:48,2726,Failed,,,DEV,LHCQF,,
LHCQF Nightly Job DEV,job duration history,,,3,12/12/2015,5:15:59,2148,Failed,,,DEV,LHCQF,,
LHCQF Nightly Job DEV,job duration history,,,4,12/11/2015,3:51:46,773605,Failed,,,DEV,LHCQF,,
LHCQF Nightly Job DEV,job duration history,,,5,12/10/2015,6:32:04,274231,Cancelled,,,DEV,LHCQF,,
LHCQF Nightly Job DEV,job duration history,,,6,12/20/2015,7:45:05,41701,Failed,,,DEV,LHCQF,,
LHCQF Nightly Job DEV,job duration history,,,7,12/19/2015,9:13:12,102916,Success,,,DEV,LHCQF,,
LHCQF Nightly Job DEV,job duration history,,,8,12/18/2015,5:17:14,54855,Success,,,DEV,LHCQF,,
LHCQF Nightly Job PRD,job duration history,,,1,12/17/2015,5:44:04,30721,Success,,,PRD,LHCQF,,
LHCQF Nightly Job PRD,job duration history,,,2,12/16/2015,31:18:05,31620,Success,,,PRD,LHCQF,,
LHCQF Nightly Job PRD,job duration history,,,3,12/15/2015,4:03:26,50820,Success,,,PRD,LHCQF,,
LHCQF Nightly Job PRD,job duration history,,,4,12/14/2015,4:35:45,25918,Success,,,PRD,LHCQF,,
LHCQF Nightly Job PRD,job duration history,,,5,12/13/2015,1:08:32,23326,Success,,,PRD,LHCQF,,
LHCQF Nightly Job PRD,job duration history,,,6,12/16/2015,2:42:29,24922,Success,,,PRD,LHCQF,,
LHCQF Nightly Job PRD,job duration history,,,7,12/16/2015,2:16:18,40459,Success,,,PRD,LHCQF,,
LHCQF Nightly Job PRD,job duration history,,,8,12/16/2015,1:54:10,54806,Failed,,,PRD,LHCQF,,
LHCQF Nightly Job UAT,job duration history,,,1,12/2/2015,1:52:00,22025,Failed,,,UAT,LHCQF,,
LHCQF Nightly Job UAT,job duration history,,,2,11/23/2015,1:49:39,24314,Failed,,,UAT,LHCQF,,
LHCQF Nightly Job UAT,job duration history,,,3,11/12/2015,1:49:44,32356,Failed,,,UAT,LHCQF,,
LHCQF Nightly Job UAT,job duration history,,,4,11/11/2015,8:38:50,32137,Failed,,,UAT,LHCQF,,
LHCQF Nightly Job UAT,job duration history,,,5,10/26/2015,0:24:55,30726,Failed,,,UAT,LHCQF,,
LHCQF Nightly Job UAT,job duration history,,,6,12/16/2015,0:59:05,73029,Failed,,,UAT,LHCQF,,
LHCQF Nightly Job UAT,job duration history,,,7,12/16/2015,2:45:47,32634,Failed,,,UAT,LHCQF,,
LHCQF Nightly Job UAT,job duration history,,,8,12/16/2015,1:44:39,22903,Failed,,,UAT,LHCQF,,
SLVTN Nightly Job DEV,job duration history,,,1,12/16/2015,8:11:37,46,Cancelled,,,DEV,SLVTN,,
SLVTN Nightly Job DEV,job duration history,,,2,12/15/2015,0:11:55,647,Cancelled,,,DEV,SLVTN,,
SLVTN Nightly Job DEV,job duration history,,,3,12/14/2015,6:49:13,101009,Failed,,,DEV,SLVTN,,
SLVTN Nightly Job DEV,job duration history,,,4,12/13/2015,1:22:40,93046,Failed,,,DEV,SLVTN,,
SLVTN Nightly Job DEV,job duration history,,,5,12/11/2015,1:17:30,703,Cancelled,,,DEV,SLVTN,,
SLVTN Nightly Job DEV,job duration history,,,6,12/20/2015,44:10:21,54832,Success,,,DEV,SLVTN,,
SLVTN Nightly Job DEV,job duration history,,,7,12/18/2015,0:00:12,123,Cancelled,,,DEV,SLVTN,,
SLVTN Nightly Job DEV,job duration history,,,8,12/17/2015,2:19:34,12502,Cancelled,,,DEV,SLVTN,,
SLVTN Nightly Job UAT,job duration history,,,1,12/16/2015,19:25:38,105504,Cancelled,,,UAT,SLVTN,,
SLVTN Nightly Job UAT,job duration history,,,2,12/15/2015,1:25:02,345803,Cancelled,,,UAT,SLVTN,,
SLVTN Nightly Job UAT,job duration history,,,3,12/14/2015,2:52:23,853408,Failed,,,UAT,SLVTN,,
SLVTN Nightly Job UAT,job duration history,,,4,12/13/2015,0:02:05,240728,Success,,,UAT,SLVTN,,
SLVTN Nightly Job UAT,job duration history,,,5,12/20/2015,1:07:00,312450,Success,,,UAT,SLVTN,,
SLVTN Nightly Job UAT,job duration history,,,6,12/19/2015,1:17:23,511849,Success,,,UAT,SLVTN,,
SLVTN Nightly Job UAT,job duration history,,,7,12/18/2015,1:11:28,322900,Success,,,UAT,SLVTN,,
SLVTN Nightly Job UAT,job duration history,,,8,12/17/2015,1:50:06,461246,Success,,,UAT,SLVTN,,
UCF Nightly Job UAT,job duration history,,,1,12/16/2015,0:56:14,5611,Failed,,,UAT,UCF,,
UCF Nightly Job UAT,job duration history,,,2,12/16/2015,2:28:37,51508,Failed,,,UAT,UCF,,
UCF Nightly Job UAT,job duration history,,,3,12/15/2015,1:34:29,14838,Success,,,UAT,UCF,,
UCF Nightly Job UAT,job duration history,,,4,12/14/2015,1:30:03,14857,Success,,,UAT,UCF,,
UCF Nightly Job UAT,job duration history,,,5,12/18/2015,19:47:52,14130,Success,,,UAT,UCF,,
UCF Nightly Job UAT,job duration history,,,6,12/17/2015,15:20:20,25254,Success,,,UAT,UCF,,
UCF Nightly Job UAT,job duration history,,,7,12/14/2015,1:49:10,14939,Success,,,UAT,UCF,,
UCF Nightly Job UAT,job duration history,,,8,12/2/2015,6:26:21,20039,Success,,,UAT,UCF,,
VCA Nightly Job QA,job duration history,,,1,11/10/2015,11:33:05,5104,Success,,,QA,VCA,,
VCA Nightly Job QA,job duration history,,,2,10/30/2015,7:12:46,10107,Success,,,QA,VCA,,
VCA Nightly Job QA,job duration history,,,3,10/27/2015,6:02:32,10219,Success,,,QA,VCA,,
VCA Nightly Job QA,job duration history,,,4,10/22/2015,13:20:02,12240,Success,,,QA,VCA,,
VCA Nightly Job QA,job duration history,,,5,12/17/2015,1:01:07,5611,Success,,,QA,VCA,,
VCA Nightly Job QA,job duration history,,,6,12/17/2015,1:02:19,12137,Success,,,QA,VCA,,
XCLS Nightly Job PRD,job duration history,,,6,12/14/2015,1:22:40,71246,Success,,,PRD,XCLS,,
XCLS Nightly Job PRD,job duration history,,,7,12/13/2015,0:56:11,60232,Success,,,PRD,XCLS,,
XCLS Nightly Job PRD,job duration history,,,8,12/13/2015,1:21:37,132002,Success,,,PRD,XCLS,,
VCA Nightly Job QA,job duration history,,,7,12/9/2015,1:18:43,11843,Success,,,QA,VCA,,
VCA Nightly Job QA,job duration history,,,8,11/25/2015,1:00:40,10040,Success,,,QA,VCA,,
VCA Nightly Job UAT,job duration history,,,1,11/17/2015,3:25:33,32533,Failed,,,UAT,VCA,,
VCA Nightly Job UAT,job duration history,,,2,12/17/2015,0:34:43,3443,Failed,,,UAT,VCA,,
VCA Nightly Job UAT,job duration history,,,3,12/16/2015,10:40:11,104011,Failed,,,UAT,VCA,,
VCA Nightly Job UAT,job duration history,,,4,12/15/2015,0:58:15,5815,Success,,,UAT,VCA,,
VCA Nightly Job UAT,job duration history,,,5,12/13/2015,2:40:25,24025,Failed,,,UAT,VCA,,
VCA Nightly Job UAT,job duration history,,,6,12/12/2015,4:06:14,40614,Failed,,,UAT,VCA,,
VCA Nightly Job UAT,job duration history,,,7,12/12/2015,4:27:08,42708,Failed,,,UAT,VCA,,
VCA Nightly Job UAT,job duration history,,,8,12/11/2015,0:50:07,5007,Success,,,UAT,VCA,,
XCLS Nightly Job DEV,job duration history,,,1,12/11/2015,0:35:10,3510,Cancelled,,,DEV,XCLS,,
XCLS Nightly Job DEV,job duration history,,,2,12/20/2015,45:06:01,450601,Cancelled,,,DEV,XCLS,,
XCLS Nightly Job DEV,job duration history,,,3,12/19/2015,60:18:10,601810,Cancelled,,,DEV,XCLS,,
XCLS Nightly Job DEV,job duration history,,,4,12/17/2015,3:47:46,30344,Failed,,,DEV,XCLS,,
XCLS Nightly Job DEV,job duration history,,,5,12/17/2015,3:03:44,34746,Failed,,,DEV,XCLS,,
XCLS Nightly Job DEV,job duration history,,,6,12/15/2015,15:40:57,154057,Failed,,,DEV,XCLS,,
XCLS Nightly Job DEV,job duration history,,,7,12/12/2015,10:26:36,102636,Failed,,,DEV,XCLS,,
XCLS Nightly Job DEV,job duration history,,,8,12/11/2015,35:02:11,350211,Success,,,DEV,XCLS,,
XCLS Nightly Job QA,job duration history,,,1,12/10/2015,39:51:45,395145,Success,,,QA,XCLS,,
XCLS Nightly Job QA,job duration history,,,2,12/19/2015,28:04:41,280441,Cancelled,,,QA,XCLS,,
XCLS Nightly Job QA,job duration history,,,3,12/18/2015,5:51:26,55126,Failed,,,QA,XCLS,,
XCLS Nightly Job QA,job duration history,,,4,12/17/2015,28:33:33,283333,Failed,,,QA,XCLS,,
XCLS Nightly Job QA,job duration history,,,5,12/16/2015,9:19:52,91952,Failed,,,QA,XCLS,,
XCLS Nightly Job QA,job duration history,,,6,12/15/2015,0:00:04,4,Failed,,,QA,XCLS,,
XCLS Nightly Job QA,job duration history,,,7,12/14/2015,6:07:57,60757,Cancelled,,,QA,XCLS,,
XCLS Nightly Job QA,job duration history,,,8,12/13/2015,4:23:01,42301,Failed,,,QA,XCLS,,
XCLS Nightly Job UAT,job duration history,,,1,12/18/2015,16:04:32,160432,Success,,,UAT,XCLS,,
XCLS Nightly Job UAT,job duration history,,,2,12/17/2015,4:39:57,43957,Failed,,,UAT,XCLS,,
XCLS Nightly Job UAT,job duration history,,,3,12/16/2015,7:24:06,72406,Failed,,,UAT,XCLS,,
XCLS Nightly Job UAT,job duration history,,,4,12/16/2015,15:51:16,155116,Success,,,UAT,XCLS,,
XCLS Nightly Job UAT,job duration history,,,5,12/15/2015,11:46:42,114642,Failed,,,UAT,XCLS,,
XCLS Nightly Job UAT,job duration history,,,6,12/14/2015,85:35:38,853538,Cancelled,,,UAT,XCLS,,
XCLS Nightly Job UAT,job duration history,,,7,12/13/2015,8:05:36,80536,Failed,,,UAT,XCLS,,
XCLS Nightly Job UAT,job duration history,,,8,12/13/2015,15:17:46,151746,Failed,,,UAT,XCLS,,
