config_value,modify_timestamp,database_name
v4.7.1,2015-08-05 15:27:58.040,AHP_WAREHOUSE_DEV
v4.7.4,2015-08-26 16:23:29.597,AHP_WAREHOUSE_DEV
v4.7.7,2015-09-24 16:31:57.640,AHP_WAREHOUSE_DEV
v4.7.8,2015-10-02 11:52:22.030,AHP_WAREHOUSE_DEV
v4.6.4,2015-07-07 17:39:17.057,AHP_WAREHOUSE_PRD
v4.7.0-rc.10,2015-07-29 12:08:54.317,AHP_WAREHOUSE_QA
v4.7.1,2015-08-11 17:53:56.820,AHP_WAREHOUSE_QA
v4.7.4,2015-08-27 15:25:08.470,AHP_WAREHOUSE_QA
v4.7.7,2015-09-25 15:17:28.430,AHP_WAREHOUSE_QA
v4.7.8,2015-10-07 13:06:24.177,AHP_WAREHOUSE_QA
v4.6.4-rc.5,2015-06-25 12:15:38.033,AHP_WAREHOUSE_UAT
v4.7.4,2015-09-08 17:49:34.140,AHP_WAREHOUSE_UAT
v4.7.7,2015-09-29 11:42:51.850,AHP_WAREHOUSE_UAT
v4.5.7-rc.1,2015-03-13 11:47:50.727,BIDCO_WAREHOUSE_DEV
v4.7.6,2015-09-16 18:44:37.990,BIDCO_WAREHOUSE_DEV
v4.7.7,2015-09-25 16:54:13.810,BIDCO_WAREHOUSE_DEV
v4.5.2,2015-04-10 19:57:07.637,BIDCO_WAREHOUSE_PRD
v4.7.7,2015-10-02 18:03:09.690,BIDCO_WAREHOUSE_PRD
v4.5.2,2015-07-30 17:45:37.270,BIDCO_WAREHOUSE_QA
v4.7.6,2015-09-21 13:52:57.373,BIDCO_WAREHOUSE_QA
v4.7.7,2015-09-30 16:48:35.573,BIDCO_WAREHOUSE_QA
v4.8.0,2015-09-29 12:14:29.237,CCCN_WAREHOUSE_DEV
v4.8.0-rc.7,2015-07-31 12:58:30.457,CCCN_WAREHOUSE_DEV
v4.8.0-rc.9,2015-08-13 20:16:03.447,CCCN_WAREHOUSE_DEV
v4.6.3,2015-05-27 15:43:21.207,CCCN_WAREHOUSE_PRD
v4.8.0,2015-09-30 11:52:05.073,CCCN_WAREHOUSE_QA
v4.8.0-rc.7,2015-08-03 15:50:04.233,CCCN_WAREHOUSE_QA
v4.8.0-rc.9,2015-08-17 16:29:15.327,CCCN_WAREHOUSE_QA
v4.6.3,2015-05-27 15:43:21.207,CCCN_WAREHOUSE_UAT
v4.8.0,2015-10-07 13:20:55.120,CCCN_WAREHOUSE_UAT
v4.8.0-rc.7,2015-08-06 10:20:25.003,CCCN_WAREHOUSE_UAT
v4.8.0-rc.9,2015-08-18 18:12:08.937,CCCN_WAREHOUSE_UAT
v4.6.6,2015-06-25 17:11:00.937,CHPW_WAREHOUSE_DEV
v4.7.1,2015-08-07 11:42:17.580,CHPW_WAREHOUSE_DEV
v4.7.2,2015-08-11 14:15:12.463,CHPW_WAREHOUSE_DEV
v4.7.6,2015-09-14 14:25:14.690,CHPW_WAREHOUSE_DEV
v4.7.7,2015-09-25 12:09:34.083,CHPW_WAREHOUSE_DEV
v4.7.8,2015-10-06 13:14:10.397,CHPW_WAREHOUSE_DEV
v4.6.6,2015-07-14 10:49:44.923,CHPW_WAREHOUSE_PRD
v4.7.6,2015-09-24 11:15:39.207,CHPW_WAREHOUSE_PRD
v4.7.7,2015-10-07 10:12:58.523,CHPW_WAREHOUSE_PRD
v4.6.6,2015-07-21 10:55:59.793,CHPW_WAREHOUSE_QA
v4.7.2,2015-08-15 18:46:25.037,CHPW_WAREHOUSE_QA
v4.7.7,2015-09-25 15:50:09.090,CHPW_WAREHOUSE_QA
v4.6.6,2015-07-07 10:32:28.030,CHPW_WAREHOUSE_UAT
v4.7.2,2015-08-27 00:44:37.560,CHPW_WAREHOUSE_UAT
v4.7.6,2015-09-23 11:12:42.530,CHPW_WAREHOUSE_UAT
v4.7.7,2015-09-29 16:12:08.643,CHPW_WAREHOUSE_UAT
v4.5.5-rc.1,2015-03-06 15:06:11.763,FDLS_WAREHOUSE_DEV
v4.5.2-rc.2,2015-02-23 17:25:05.190,FDLS_WAREHOUSE_PRD
v4.5.5-rc.1,2015-03-02 18:17:34.153,FDLS_WAREHOUSE_QA
v4.5.2-rc.2,2015-02-19 16:39:39.320,FDLS_WAREHOUSE_UAT
v4.7.1,2015-08-05 10:05:35.597,FHN_WAREHOUSE_DEV
v4.7.2,2015-08-14 12:38:22.263,FHN_WAREHOUSE_DEV
v4.7.3,2015-08-21 13:04:24.423,FHN_WAREHOUSE_DEV
v4.7.5,2015-09-02 16:27:39.217,FHN_WAREHOUSE_DEV
v4.7.7,2015-09-24 14:13:37.143,FHN_WAREHOUSE_DEV
v4.6.4,2015-07-02 09:38:49.807,FHN_WAREHOUSE_PRD
v4.7.5,2015-09-18 02:16:48.743,FHN_WAREHOUSE_PRD
v4.7.0-rc.10,2015-07-29 17:18:10.303,FHN_WAREHOUSE_QA
v4.7.1,2015-08-13 03:47:26.540,FHN_WAREHOUSE_QA
v4.7.2,2015-08-19 12:10:07.640,FHN_WAREHOUSE_QA
v4.7.3,2015-08-25 14:55:46.430,FHN_WAREHOUSE_QA
v4.7.5,2015-09-10 17:30:26.217,FHN_WAREHOUSE_QA
v4.7.7,2015-09-25 15:58:08.407,FHN_WAREHOUSE_QA
v4.6.4-rc.5,2015-07-01 16:21:56.547,FHN_WAREHOUSE_UAT
v4.7.5,2015-09-11 21:29:32.820,FHN_WAREHOUSE_UAT
v4.7.7,2015-09-29 13:38:15.567,FHN_WAREHOUSE_UAT
v4.7.1,2015-08-04 16:53:58.467,ONPT_WAREHOUSE_DEV
v4.7.1,2015-08-05 18:16:35.773,SLVTN_WAREHOUSE_DEV
v4.7.7,2015-09-24 15:22:59.220,SLVTN_WAREHOUSE_DEV
v4.7.8,2015-10-06 12:57:31.467,SLVTN_WAREHOUSE_DEV
v4.6.3,2015-06-05 11:46:26.250,SLVTN_WAREHOUSE_PRD
v4.6.7,2015-08-25 10:37:20.207,SLVTN_WAREHOUSE_PRD
v4.7.0-rc.2,2015-06-26 14:26:24.857,SLVTN_WAREHOUSE_QA
v4.7.1,2015-08-06 19:42:07.573,SLVTN_WAREHOUSE_QA
v4.7.7,2015-09-25 16:52:37.690,SLVTN_WAREHOUSE_QA
v4.7.8,2015-10-07 13:18:40.323,SLVTN_WAREHOUSE_QA
v4.6.2-rc.1,2015-05-19 16:37:46.690,SLVTN_WAREHOUSE_UAT
v4.6.7,2015-08-12 13:35:20.640,SLVTN_WAREHOUSE_UAT
v4.7.7,2015-09-29 13:58:06.420,SLVTN_WAREHOUSE_UAT
v4.7.1,2015-08-04 16:55:40.813,UCF_WAREHOUSE_DEV
v4.7.5,2015-09-02 17:52:55.793,UCF_WAREHOUSE_DEV
v4.7.7,2015-09-24 14:13:37.187,UCF_WAREHOUSE_DEV
v4.7.0-rc.8,2015-07-22 14:35:18.987,UCF_WAREHOUSE_PRD
v4.7.0-rc.8,2015-07-22 12:46:58.827,UCF_WAREHOUSE_QA
v4.7.1,2015-08-11 13:57:09.410,UCF_WAREHOUSE_QA
v4.7.5,2015-09-03 12:12:20.533,UCF_WAREHOUSE_QA
v4.7.7,2015-09-25 15:52:11.160,UCF_WAREHOUSE_QA
v4.5.3-rc.3,2015-02-13 17:02:47.690,UCF_WAREHOUSE_UAT
v4.7.1,2015-08-14 16:04:31.290,UCF_WAREHOUSE_UAT
v4.7.5,2015-09-15 15:47:18.570,UCF_WAREHOUSE_UAT
v4.7.7,2015-09-29 13:38:53.947,UCF_WAREHOUSE_UAT
v4.7.0-rc.2,2015-06-24 16:29:18.457,VCA_WAREHOUSE_DEV
v4.7.2,2015-08-11 16:09:33.880,VCA_WAREHOUSE_DEV
v4.7.4,2015-09-01 12:33:27.490,VCA_WAREHOUSE_DEV
v4.8.0,2015-09-24 12:22:32.280,VCA_WAREHOUSE_DEV
v4.8.1,2015-09-29 12:19:42.883,VCA_WAREHOUSE_DEV
v4.8.2,2015-10-07 13:16:15.980,VCA_WAREHOUSE_DEV
v4.7.0-rc.2,2015-06-26 10:54:51.093,VCA_WAREHOUSE_QA
v4.7.2,2015-08-12 16:24:43.273,VCA_WAREHOUSE_QA
v4.7.6,2015-09-17 17:07:03.717,VCA_WAREHOUSE_QA
v4.8.1,2015-09-29 15:20:39.073,VCA_WAREHOUSE_QA
v4.7.0-rc.10,2015-07-29 17:03:41.440,XCLS_WAREHOUSE_DEV
v4.7.1,2015-08-06 19:02:01.443,XCLS_WAREHOUSE_DEV
v4.7.4,2015-09-04 19:30:00.140,XCLS_WAREHOUSE_DEV
v4.7.7,2015-09-24 17:06:07.203,XCLS_WAREHOUSE_DEV
v4.7.8,2015-10-02 12:26:13.990,XCLS_WAREHOUSE_DEV
v4.6.4,2015-07-07 17:43:09.590,XCLS_WAREHOUSE_PRD
v4.7.0-rc.10,2015-07-30 21:09:42.813,XCLS_WAREHOUSE_QA
v4.7.1,2015-08-13 23:27:08.193,XCLS_WAREHOUSE_QA
v4.7.4,2015-08-29 13:57:05.567,XCLS_WAREHOUSE_QA
v4.7.7,2015-09-25 15:24:03.113,XCLS_WAREHOUSE_QA
v4.7.8,2015-10-06 16:25:10.793,XCLS_WAREHOUSE_QA
v4.6.4-rc.5,2015-07-02 11:03:17.007,XCLS_WAREHOUSE_UAT
v4.7.4,2015-09-08 22:46:34.853,XCLS_WAREHOUSE_UAT
v4.7.7,2015-09-29 13:33:33.013,XCLS_WAREHOUSE_UAT
